<System>
  <MCU>
    <PGMMCUFlashAdd>0x00000000</PGMMCUFlashAdd>
    <PGMMCUFlashLength>0x100000</PGMMCUFlashLength>
    <PGMMCULockAdd>0x00100000</PGMMCULockAdd>
    <CountsAdd>0x00200000</CountsAdd>
    <MCUNumber>22</MCUNumber>
    <MCU0>
      <MCUName>HC32L15xxA</MCUName>
      <Series>CM0+</Series>
      <Type>0</Type>
      <FlashAddress>0x00000000</FlashAddress>
      <PageCount>256</PageCount>
      <PageSize>512</PageSize>
      <BinFile>m_flash.hc32l15</BinFile>
      <RAMAdd>0x20000000</RAMAdd>
      <RAMLength>0x1800</RAMLength>
      <MainCR>4000000</MainCR>
      <CRTrimmingAdd>0x100004</CRTrimmingAdd>
      <CRTrimmingLength>16</CRTrimmingLength>
      <UIDAdd>0x40000100</UIDAdd>
      <UIDLength>0x0c</UIDLength>
      <UID>000000000000000000000000</UID>
      <UserArea>00000000000000000000000000000000</UserArea>
      <MinXTAL>4</MinXTAL>
      <MaxXTAL>32</MaxXTAL>
      <PacketLength>0x80</PacketLength>
      <WriteLockPageNum>0</WriteLockPageNum>
      <WriteLockAdr>0xFFFFFFFF</WriteLockAdr>
      <RamCodeVersion>0</RamCodeVersion>
      <WriteLockEn>false</WriteLockEn>
      <ChipEraseEn>true</ChipEraseEn>
      <PageEraseEn>true</PageEraseEn>
      <ChipLockEn>true</ChipLockEn>
      <PowerEn>true</PowerEn>
      <ResetEn>true</ResetEn>
      <SerialNumberEn>true</SerialNumberEn>
    </MCU0>
    <MCU1>
      <MCUName>HC32L15xx8</MCUName>
      <Series>CM0+</Series>
      <Type>0</Type>
      <FlashAddress>0x00000000</FlashAddress>
      <PageCount>128</PageCount>
      <PageSize>512</PageSize>
      <BinFile>m_flash.hc32l15</BinFile>
      <RAMAdd>0x20000000</RAMAdd>
      <RAMLength>0x1800</RAMLength>
      <MainCR>4000000</MainCR>
      <CRTrimmingAdd>0x100004</CRTrimmingAdd>
      <CRTrimmingLength>16</CRTrimmingLength>
      <UIDAdd>0x40000100</UIDAdd>
      <UIDLength>0x0c</UIDLength>
      <UID>000000000000000000000000</UID>
      <UserArea>00000000000000000000000000000000</UserArea>
      <MinXTAL>4</MinXTAL>
      <MaxXTAL>32</MaxXTAL>
      <PacketLength>0x80</PacketLength>
      <WriteLockPageNum>0</WriteLockPageNum>
      <WriteLockAdr>0xFFFFFFFF</WriteLockAdr>
      <RamCodeVersion>0</RamCodeVersion>
      <WriteLockEn>false</WriteLockEn>
      <ChipEraseEn>true</ChipEraseEn>
      <PageEraseEn>true</PageEraseEn>
      <ChipLockEn>true</ChipLockEn>
      <PowerEn>true</PowerEn>
      <ResetEn>true</ResetEn>
      <SerialNumberEn>true</SerialNumberEn>
    </MCU1>
    <MCU2>
      <MCUName>HC32F146xA/HC32M140xA</MCUName>
      <Series>CM0+</Series>
      <Type>0</Type>
      <FlashAddress>0x00000000</FlashAddress>
      <PageCount>256</PageCount>
      <PageSize>512</PageSize>
      <BinFile>m_flash.hc32l15</BinFile>
      <RAMAdd>0x20000000</RAMAdd>
      <RAMLength>0x2000</RAMLength>
      <MainCR>4000000</MainCR>
      <CRTrimmingAdd>0x100004</CRTrimmingAdd>
      <CRTrimmingLength>16</CRTrimmingLength>
      <UIDAdd>0x40000100</UIDAdd>
      <UIDLength>0x0c</UIDLength>
      <UID>000000000000000000000000</UID>
      <UserArea>00000000000000000000000000000000</UserArea>
      <MinXTAL>4</MinXTAL>
      <MaxXTAL>16</MaxXTAL>
      <PacketLength>0x80</PacketLength>
      <WriteLockPageNum>0</WriteLockPageNum>
      <WriteLockAdr>0xFFFFFFFF</WriteLockAdr>
      <RamCodeVersion>0</RamCodeVersion>
      <WriteLockEn>false</WriteLockEn>
      <ChipEraseEn>true</ChipEraseEn>
      <PageEraseEn>true</PageEraseEn>
      <ChipLockEn>true</ChipLockEn>
      <PowerEn>true</PowerEn>
      <ResetEn>true</ResetEn>
      <SerialNumberEn>true</SerialNumberEn>
    </MCU2>
    <MCU3>
      <MCUName>HC32F146x8/HC32M140x8</MCUName>
      <Series>CM0+</Series>
      <Type>0</Type>
      <FlashAddress>0x00000000</FlashAddress>
      <PageCount>128</PageCount>
      <PageSize>512</PageSize>
      <BinFile>m_flash.hc32l15</BinFile>
      <RAMAdd>0x20000000</RAMAdd>
      <RAMLength>0x2000</RAMLength>
      <MainCR>4000000</MainCR>
      <CRTrimmingAdd>0x100004</CRTrimmingAdd>
      <CRTrimmingLength>16</CRTrimmingLength>
      <UIDAdd>0x40000100</UIDAdd>
      <UIDLength>0x0c</UIDLength>
      <UID>000000000000000000000000</UID>
      <UserArea>00000000000000000000000000000000</UserArea>
      <MinXTAL>4</MinXTAL>
      <MaxXTAL>16</MaxXTAL>
      <PacketLength>0x80</PacketLength>
      <WriteLockPageNum>0</WriteLockPageNum>
      <WriteLockAdr>0xFFFFFFFF</WriteLockAdr>
      <RamCodeVersion>0</RamCodeVersion>
      <WriteLockEn>false</WriteLockEn>
      <ChipEraseEn>true</ChipEraseEn>
      <PageEraseEn>true</PageEraseEn>
      <ChipLockEn>true</ChipLockEn>
      <PowerEn>true</PowerEn>
      <ResetEn>true</ResetEn>
      <SerialNumberEn>true</SerialNumberEn>
    </MCU3>
    <MCU4>
      <MCUName>HC32L110x4</MCUName>
      <Series>CM0+</Series>
      <Type>1</Type>
      <FlashAddress>0x00000000</FlashAddress>
      <PageCount>32</PageCount>
      <PageSize>512</PageSize>
      <BinFile>m_flash.hc32l15</BinFile>
      <RAMAdd>0x20000000</RAMAdd>
      <RAMLength>0x0800</RAMLength>
      <MainCR>4000000</MainCR>
      <CRTrimmingAdd>0x100004</CRTrimmingAdd>
      <CRTrimmingLength>16</CRTrimmingLength>
      <UIDAdd>0x40000100</UIDAdd>
      <UIDLength>0x0c</UIDLength>
      <UID>000000000000000000000000</UID>
      <UserArea>00000000000000000000000000000000</UserArea>
      <MinXTAL>4</MinXTAL>
      <MaxXTAL>4</MaxXTAL>
      <PacketLength>0x40</PacketLength>
      <WriteLockPageNum>16</WriteLockPageNum>
      <WriteLockAdr>0x00100BF8</WriteLockAdr>
      <RamCodeVersion>1</RamCodeVersion>
      <WriteLockEn>true</WriteLockEn>
      <ChipEraseEn>true</ChipEraseEn>
      <PageEraseEn>true</PageEraseEn>
      <ChipLockEn>true</ChipLockEn>
      <PowerEn>true</PowerEn>
      <ResetEn>true</ResetEn>
      <SerialNumberEn>true</SerialNumberEn>
    </MCU4>
    <MCU5>
      <MCUName>HC32L110x6</MCUName>
      <Series>CM0+</Series>
      <Type>1</Type>
      <FlashAddress>0x00000000</FlashAddress>
      <PageCount>64</PageCount>
      <PageSize>512</PageSize>
      <BinFile>m_flash.hc32l15</BinFile>
      <RAMAdd>0x20000000</RAMAdd>
      <RAMLength>0x1000</RAMLength>
      <MainCR>4000000</MainCR>
      <CRTrimmingAdd>0x100004</CRTrimmingAdd>
      <CRTrimmingLength>16</CRTrimmingLength>
      <UIDAdd>0x40000100</UIDAdd>
      <UIDLength>0x0c</UIDLength>
      <UID>000000000000000000000000</UID>
      <UserArea>00000000000000000000000000000000</UserArea>
      <MinXTAL>4</MinXTAL>
      <MaxXTAL>4</MaxXTAL>
      <PacketLength>0x40</PacketLength>
      <WriteLockPageNum>16</WriteLockPageNum>
      <WriteLockAdr>0x00100BF8</WriteLockAdr>
      <RamCodeVersion>1</RamCodeVersion>
      <WriteLockEn>true</WriteLockEn>
      <ChipEraseEn>true</ChipEraseEn>
      <PageEraseEn>true</PageEraseEn>
      <ChipLockEn>true</ChipLockEn>
      <PowerEn>true</PowerEn>
      <ResetEn>true</ResetEn>
      <SerialNumberEn>true</SerialNumberEn>
    </MCU5>
    <MCU6>
      <MCUName>HC32F005C6</MCUName>
      <Series>CM0+</Series>
      <Type>1</Type>
      <FlashAddress>0x00000000</FlashAddress>
      <PageCount>64</PageCount>
      <PageSize>512</PageSize>
      <BinFile>m_flash.hc32l15</BinFile>
      <RAMAdd>0x20000000</RAMAdd>
      <RAMLength>0x1000</RAMLength>
      <MainCR>4000000</MainCR>
      <CRTrimmingAdd>0x100004</CRTrimmingAdd>
      <CRTrimmingLength>16</CRTrimmingLength>
      <UIDAdd>0x40000100</UIDAdd>
      <UIDLength>0x0c</UIDLength>
      <UID>000000000000000000000000</UID>
      <UserArea>00000000000000000000000000000000</UserArea>
      <MinXTAL>4</MinXTAL>
      <MaxXTAL>4</MaxXTAL>
      <PacketLength>0x40</PacketLength>
      <WriteLockPageNum>16</WriteLockPageNum>
      <WriteLockAdr>0x00100BF8</WriteLockAdr>
      <RamCodeVersion>1</RamCodeVersion>
      <WriteLockEn>true</WriteLockEn>
      <ChipEraseEn>true</ChipEraseEn>
      <PageEraseEn>true</PageEraseEn>
      <ChipLockEn>true</ChipLockEn>
      <PowerEn>true</PowerEn>
      <ResetEn>true</ResetEn>
      <SerialNumberEn>true</SerialNumberEn>
    </MCU6>
    <MCU7>
      <MCUName>HC32F003C4</MCUName>
      <Series>CM0+</Series>
      <Type>1</Type>
      <FlashAddress>0x00000000</FlashAddress>
      <PageCount>32</PageCount>
      <PageSize>512</PageSize>
      <BinFile>m_flash.hc32l15</BinFile>
      <RAMAdd>0x20000000</RAMAdd>
      <RAMLength>0x1000</RAMLength>
      <MainCR>4000000</MainCR>
      <CRTrimmingAdd>0x100004</CRTrimmingAdd>
      <CRTrimmingLength>16</CRTrimmingLength>
      <UIDAdd>0x40000100</UIDAdd>
      <UIDLength>0x0c</UIDLength>
      <UID>000000000000000000000000</UID>
      <UserArea>00000000000000000000000000000000</UserArea>
      <MinXTAL>4</MinXTAL>
      <MaxXTAL>4</MaxXTAL>
      <PacketLength>0x40</PacketLength>
      <WriteLockPageNum>16</WriteLockPageNum>
      <WriteLockAdr>0x00100BF8</WriteLockAdr>
      <RamCodeVersion>1</RamCodeVersion>
      <WriteLockEn>true</WriteLockEn>
      <ChipEraseEn>true</ChipEraseEn>
      <PageEraseEn>true</PageEraseEn>
      <ChipLockEn>true</ChipLockEn>
      <PowerEn>true</PowerEn>
      <ResetEn>true</ResetEn>
      <SerialNumberEn>true</SerialNumberEn>
    </MCU7>
    <MCU8>
      <MCUName>HC32L136x8/HC32L130x8</MCUName>
      <Series>CM0+</Series>
      <Type>1</Type>
      <FlashAddress>0x00000000</FlashAddress>
      <PageCount>128</PageCount>
      <PageSize>512</PageSize>
      <BinFile>m_flash.hc32l15</BinFile>
      <RAMAdd>0x20000000</RAMAdd>
      <RAMLength>0x2000</RAMLength>
      <MainCR>4000000</MainCR>
      <CRTrimmingAdd>0x100004</CRTrimmingAdd>
      <CRTrimmingLength>16</CRTrimmingLength>
      <UIDAdd>0x40000100</UIDAdd>
      <UIDLength>0x0c</UIDLength>
      <UID>000000000000000000000000</UID>
      <UserArea>00000000000000000000000000000000</UserArea>
      <MinXTAL>4</MinXTAL>
      <MaxXTAL>4</MaxXTAL>
      <PacketLength>0x40</PacketLength>
      <WriteLockPageNum>32</WriteLockPageNum>
      <WriteLockAdr>0x00100BF8</WriteLockAdr>
      <RamCodeVersion>2</RamCodeVersion>
      <WriteLockEn>true</WriteLockEn>
      <ChipEraseEn>true</ChipEraseEn>
      <PageEraseEn>true</PageEraseEn>
      <ChipLockEn>true</ChipLockEn>
      <PowerEn>true</PowerEn>
      <ResetEn>true</ResetEn>
      <SerialNumberEn>true</SerialNumberEn>
    </MCU8>
    <MCU9>
      <MCUName>HC32F030x8</MCUName>
      <Series>CM0+</Series>
      <Type>1</Type>
      <FlashAddress>0x00000000</FlashAddress>
      <PageCount>128</PageCount>
      <PageSize>512</PageSize>
      <BinFile>m_flash.hc32l15</BinFile>
      <RAMAdd>0x20000000</RAMAdd>
      <RAMLength>0x2000</RAMLength>
      <MainCR>4000000</MainCR>
      <CRTrimmingAdd>0x100004</CRTrimmingAdd>
      <CRTrimmingLength>16</CRTrimmingLength>
      <UIDAdd>0x40000100</UIDAdd>
      <UIDLength>0x0c</UIDLength>
      <UID>000000000000000000000000</UID>
      <UserArea>00000000000000000000000000000000</UserArea>
      <MinXTAL>4</MinXTAL>
      <MaxXTAL>4</MaxXTAL>
      <PacketLength>0x40</PacketLength>
      <WriteLockPageNum>32</WriteLockPageNum>
      <WriteLockAdr>0x00100BF8</WriteLockAdr>
      <RamCodeVersion>2</RamCodeVersion>
      <WriteLockEn>true</WriteLockEn>
      <ChipEraseEn>true</ChipEraseEn>
      <PageEraseEn>true</PageEraseEn>
      <ChipLockEn>true</ChipLockEn>
      <PowerEn>true</PowerEn>
      <ResetEn>true</ResetEn>
      <SerialNumberEn>true</SerialNumberEn>
    </MCU9>
    <MCU10>
      <MCUName>HC32F460xExx</MCUName>
      <Series>CM4</Series>
      <Type>2</Type>
      <FlashAddress>0x00000000</FlashAddress>
      <PageCount>64</PageCount>
      <PageSize>8192</PageSize>
      <BinFile>m_flash.hc010</BinFile>
      <RAMAdd>0x1FFF8000</RAMAdd>
      <RAMLength>0x2f000</RAMLength>
      <MainCR>4000000</MainCR>
      <CRTrimmingAdd>0x100004</CRTrimmingAdd>
      <CRTrimmingLength>16</CRTrimmingLength>
      <UIDAdd>0x40000100</UIDAdd>
      <UIDLength>0x0c</UIDLength>
      <UID>000000000000000000000000</UID>
      <UserArea>00000000000000000000000000000000</UserArea>
      <MinXTAL>4</MinXTAL>
      <MaxXTAL>4</MaxXTAL>
      <PacketLength>0x40</PacketLength>
      <DisOrderPageNum>16</DisOrderPageNum>
      <DisOrderWriteAdr>0x00000418</DisOrderWriteAdr>
      <RamCodeVersion>3</RamCodeVersion>
      <SwdRamcodeSvnVersion>1309</SwdRamcodeSvnVersion>
	  <UartRamcodeSvnVersion>413</UartRamcodeSvnVersion>
      <WriteLockEn>true</WriteLockEn>
      <ChipEraseEn>true</ChipEraseEn>
      <PageEraseEn>true</PageEraseEn>
      <ChipLockEn>true</ChipLockEn>
      <PowerEn>true</PowerEn>
      <ResetEn>true</ResetEn>
      <SerialNumberEn>true</SerialNumberEn>
    </MCU10>
	<MCU11>
      <MCUName>LM28T</MCUName>
      <Series>CM0+</Series>
      <Type>1</Type>
      <FlashAddress>0x00000000</FlashAddress>
      <PageCount>128</PageCount>
      <PageSize>512</PageSize>
      <BinFile>m_flash.hc32l15</BinFile>
      <RAMAdd>0x20000000</RAMAdd>
      <RAMLength>0x2000</RAMLength>
      <MainCR>4000000</MainCR>
      <CRTrimmingAdd>0x100004</CRTrimmingAdd>
      <CRTrimmingLength>16</CRTrimmingLength>
      <UIDAdd>0x40000100</UIDAdd>
      <UIDLength>0x0c</UIDLength>
      <UID>000000000000000000000000</UID>
      <UserArea>00000000000000000000000000000000</UserArea>
      <MinXTAL>4</MinXTAL>
      <MaxXTAL>4</MaxXTAL>
      <PacketLength>0x40</PacketLength>
      <WriteLockPageNum>32</WriteLockPageNum>
      <WriteLockAdr>0x00100BF8</WriteLockAdr>
      <RamCodeVersion>2</RamCodeVersion>
      <WriteLockEn>true</WriteLockEn>
      <ChipEraseEn>true</ChipEraseEn>
      <PageEraseEn>true</PageEraseEn>
      <ChipLockEn>true</ChipLockEn>
      <PowerEn>true</PowerEn>
      <ResetEn>true</ResetEn>
      <SerialNumberEn>true</SerialNumberEn>
    </MCU11>
	<MCU12>
      <MCUName>LM32Q</MCUName>
      <Series>CM0+</Series>
      <Type>1</Type>
      <FlashAddress>0x00000000</FlashAddress>
      <PageCount>128</PageCount>
      <PageSize>512</PageSize>
      <BinFile>m_flash.hc32l15</BinFile>
      <RAMAdd>0x20000000</RAMAdd>
      <RAMLength>0x2000</RAMLength>
      <MainCR>4000000</MainCR>
      <CRTrimmingAdd>0x100004</CRTrimmingAdd>
      <CRTrimmingLength>16</CRTrimmingLength>
      <UIDAdd>0x40000100</UIDAdd>
      <UIDLength>0x0c</UIDLength>
      <UID>000000000000000000000000</UID>
      <UserArea>00000000000000000000000000000000</UserArea>
      <MinXTAL>4</MinXTAL>
      <MaxXTAL>4</MaxXTAL>
      <PacketLength>0x40</PacketLength>
      <WriteLockPageNum>32</WriteLockPageNum>
      <WriteLockAdr>0x00100BF8</WriteLockAdr>
      <RamCodeVersion>2</RamCodeVersion>
      <WriteLockEn>true</WriteLockEn>
      <ChipEraseEn>true</ChipEraseEn>
      <PageEraseEn>true</PageEraseEn>
      <ChipLockEn>true</ChipLockEn>
      <PowerEn>true</PowerEn>
      <ResetEn>true</ResetEn>
      <SerialNumberEn>true</SerialNumberEn>
    </MCU12>
	<MCU13>
      <MCUName>LM20T</MCUName>
      <Series>CM0+</Series>
      <Type>1</Type>
      <FlashAddress>0x00000000</FlashAddress>
      <PageCount>32</PageCount>
      <PageSize>512</PageSize>
      <BinFile>m_flash.hc32l15</BinFile>
      <RAMAdd>0x20000000</RAMAdd>
      <RAMLength>0x1000</RAMLength>
      <MainCR>4000000</MainCR>
      <CRTrimmingAdd>0x100004</CRTrimmingAdd>
      <CRTrimmingLength>16</CRTrimmingLength>
      <UIDAdd>0x40000100</UIDAdd>
      <UIDLength>0x0c</UIDLength>
      <UID>000000000000000000000000</UID>
      <UserArea>00000000000000000000000000000000</UserArea>
      <MinXTAL>4</MinXTAL>
      <MaxXTAL>4</MaxXTAL>
      <PacketLength>0x40</PacketLength>
      <WriteLockPageNum>16</WriteLockPageNum>
      <WriteLockAdr>0x00100BF8</WriteLockAdr>
      <RamCodeVersion>1</RamCodeVersion>
      <WriteLockEn>true</WriteLockEn>
      <ChipEraseEn>true</ChipEraseEn>
      <PageEraseEn>true</PageEraseEn>
      <ChipLockEn>true</ChipLockEn>
      <PowerEn>true</PowerEn>
      <ResetEn>true</ResetEn>
      <SerialNumberEn>true</SerialNumberEn>
    </MCU13>
    <MCU14>
      <MCUName>HC32F072</MCUName>
      <Series>CM0+</Series>
      <Type>3</Type>
      <FlashAddress>0x00000000</FlashAddress>
      <PageCount>256</PageCount>
      <PageSize>512</PageSize>
      <BinFile>m_flash.hc32008</BinFile>
      <RAMAdd>0x20000000</RAMAdd>
      <RAMLength>0x4000</RAMLength>
      <MainCR>4000000</MainCR>
      <CRTrimmingAdd>0x100004</CRTrimmingAdd>
      <CRTrimmingLength>16</CRTrimmingLength>
      <UIDAdd>0x40000100</UIDAdd>
      <UIDLength>0x0c</UIDLength>
      <UID>000000000000000000000000</UID>
      <UserArea>00000000000000000000000000000000</UserArea>
      <MinXTAL>4</MinXTAL>
      <MaxXTAL>4</MaxXTAL>
      <PacketLength>0x40</PacketLength>
      <WriteLockPageNum>16</WriteLockPageNum>
      <WriteLockAdr>0x00100BF8</WriteLockAdr>
      <RamCodeVersion>4</RamCodeVersion>
      <WriteLockEn>true</WriteLockEn>
      <ChipEraseEn>true</ChipEraseEn>
      <PageEraseEn>true</PageEraseEn>
      <ChipLockEn>true</ChipLockEn>
      <PowerEn>true</PowerEn>
      <ResetEn>true</ResetEn>
      <SerialNumberEn>true</SerialNumberEn>
    </MCU14>
	<MCU15>
      <MCUName>HC32L072/HC32L073</MCUName>
      <Series>CM0+</Series>
      <Type>3</Type>
      <FlashAddress>0x00000000</FlashAddress>
      <PageCount>256</PageCount>
      <PageSize>512</PageSize>
      <BinFile>m_flash.hc32008</BinFile>
      <RAMAdd>0x20000000</RAMAdd>
      <RAMLength>0x4000</RAMLength>
      <MainCR>4000000</MainCR>
      <CRTrimmingAdd>0x100004</CRTrimmingAdd>
      <CRTrimmingLength>16</CRTrimmingLength>
      <UIDAdd>0x40000100</UIDAdd>
      <UIDLength>0x0c</UIDLength>
      <UID>000000000000000000000000</UID>
      <UserArea>00000000000000000000000000000000</UserArea>
      <MinXTAL>4</MinXTAL>
      <MaxXTAL>4</MaxXTAL>
      <PacketLength>0x40</PacketLength>
      <WriteLockPageNum>16</WriteLockPageNum>
      <WriteLockAdr>0x00100BF8</WriteLockAdr>
      <RamCodeVersion>4</RamCodeVersion>
      <WriteLockEn>true</WriteLockEn>
      <ChipEraseEn>true</ChipEraseEn>
      <PageEraseEn>true</PageEraseEn>
      <ChipLockEn>true</ChipLockEn>
      <PowerEn>true</PowerEn>
      <ResetEn>true</ResetEn>
      <SerialNumberEn>true</SerialNumberEn>
    </MCU15>
	<MCU16>
      <MCUName>HC32L170/HC32L176</MCUName>
      <Series>CM0+</Series>
      <Type>3</Type>
      <FlashAddress>0x00000000</FlashAddress>
      <PageCount>256</PageCount>
      <PageSize>512</PageSize>
      <BinFile>m_flash.hc32015</BinFile>
      <RAMAdd>0x20000000</RAMAdd>
      <RAMLength>0x4000</RAMLength>
      <MainCR>4000000</MainCR>
      <CRTrimmingAdd>0x100004</CRTrimmingAdd>
      <CRTrimmingLength>16</CRTrimmingLength>
      <UIDAdd>0x40000100</UIDAdd>
      <UIDLength>0x0c</UIDLength>
      <UID>000000000000000000000000</UID>
      <UserArea>00000000000000000000000000000000</UserArea>
      <MinXTAL>4</MinXTAL>
      <MaxXTAL>4</MaxXTAL>
      <PacketLength>0x40</PacketLength>
      <WriteLockPageNum>16</WriteLockPageNum>
      <WriteLockAdr>0x00100BF8</WriteLockAdr>
      <RamCodeVersion>4</RamCodeVersion>
      <WriteLockEn>true</WriteLockEn>
      <ChipEraseEn>true</ChipEraseEn>
      <PageEraseEn>true</PageEraseEn>
      <ChipLockEn>true</ChipLockEn>
      <PowerEn>true</PowerEn>
      <ResetEn>true</ResetEn>
      <SerialNumberEn>true</SerialNumberEn>
    </MCU16>
	<MCU17>
      <MCUName>HC32F170/HC32F176</MCUName>
      <Series>CM0+</Series>
      <Type>3</Type>
      <FlashAddress>0x00000000</FlashAddress>
      <PageCount>256</PageCount>
      <PageSize>512</PageSize>
      <BinFile>m_flash.hc32015</BinFile>
      <RAMAdd>0x20000000</RAMAdd>
      <RAMLength>0x4000</RAMLength>
      <MainCR>4000000</MainCR>
      <CRTrimmingAdd>0x100004</CRTrimmingAdd>
      <CRTrimmingLength>16</CRTrimmingLength>
      <UIDAdd>0x40000100</UIDAdd>
      <UIDLength>0x0c</UIDLength>
      <UID>000000000000000000000000</UID>
      <UserArea>00000000000000000000000000000000</UserArea>
      <MinXTAL>4</MinXTAL>
      <MaxXTAL>4</MaxXTAL>
      <PacketLength>0x40</PacketLength>
      <WriteLockPageNum>16</WriteLockPageNum>
      <WriteLockAdr>0x00100BF8</WriteLockAdr>
      <RamCodeVersion>4</RamCodeVersion>
      <WriteLockEn>true</WriteLockEn>
      <ChipEraseEn>true</ChipEraseEn>
      <PageEraseEn>true</PageEraseEn>
      <ChipLockEn>true</ChipLockEn>
      <PowerEn>true</PowerEn>
      <ResetEn>true</ResetEn>
      <SerialNumberEn>true</SerialNumberEn>
    </MCU17>
	<MCU18>
      <MCUName>HC32L190/HC32L196</MCUName>
      <Series>CM0+</Series>
      <Type>3</Type>
      <FlashAddress>0x00000000</FlashAddress>
      <PageCount>512</PageCount>
      <PageSize>512</PageSize>
      <BinFile>m_flash.hc32015</BinFile>
      <RAMAdd>0x20000000</RAMAdd>
      <RAMLength>0x8000</RAMLength>
      <MainCR>4000000</MainCR>
      <CRTrimmingAdd>0x100004</CRTrimmingAdd>
      <CRTrimmingLength>16</CRTrimmingLength>
      <UIDAdd>0x40000100</UIDAdd>
      <UIDLength>0x0c</UIDLength>
      <UID>000000000000000000000000</UID>
      <UserArea>00000000000000000000000000000000</UserArea>
      <MinXTAL>4</MinXTAL>
      <MaxXTAL>4</MaxXTAL>
      <PacketLength>0x40</PacketLength>
      <WriteLockPageNum>16</WriteLockPageNum>
      <WriteLockAdr>0x00100BF8</WriteLockAdr>
      <RamCodeVersion>5</RamCodeVersion>
      <WriteLockEn>true</WriteLockEn>
      <ChipEraseEn>true</ChipEraseEn>
      <PageEraseEn>true</PageEraseEn>
      <ChipLockEn>true</ChipLockEn>
      <PowerEn>true</PowerEn>
      <ResetEn>true</ResetEn>
      <SerialNumberEn>true</SerialNumberEn>
    </MCU18>
	<MCU19>
      <MCUName>HC32F190/HC32F196</MCUName>
      <Series>CM0+</Series>
      <Type>3</Type>
      <FlashAddress>0x00000000</FlashAddress>
      <PageCount>512</PageCount>
      <PageSize>512</PageSize>
      <BinFile>m_flash.hc32015</BinFile>
      <RAMAdd>0x20000000</RAMAdd>
      <RAMLength>0x8000</RAMLength>
      <MainCR>4000000</MainCR>
      <CRTrimmingAdd>0x100004</CRTrimmingAdd>
      <CRTrimmingLength>16</CRTrimmingLength>
      <UIDAdd>0x40000100</UIDAdd>
      <UIDLength>0x0c</UIDLength>
      <UID>000000000000000000000000</UID>
      <UserArea>00000000000000000000000000000000</UserArea>
      <MinXTAL>4</MinXTAL>
      <MaxXTAL>4</MaxXTAL>
      <PacketLength>0x40</PacketLength>
      <WriteLockPageNum>16</WriteLockPageNum>
      <WriteLockAdr>0x00100BF8</WriteLockAdr>
      <RamCodeVersion>5</RamCodeVersion>
      <WriteLockEn>true</WriteLockEn>
      <ChipEraseEn>true</ChipEraseEn>
      <PageEraseEn>true</PageEraseEn>
      <ChipLockEn>true</ChipLockEn>
      <PowerEn>true</PowerEn>
      <ResetEn>true</ResetEn>
      <SerialNumberEn>true</SerialNumberEn>
    </MCU19>	
    <MCU20>
      <MCUName>HC32F120</MCUName>
      <Series>CM0</Series>
      <Type>2</Type>
      <FlashAddress>0x00000000</FlashAddress>
      <PageCount>128</PageCount>
      <PageSize>512</PageSize>
      <BinFile>m_flash.hc010</BinFile>
      <RAMAdd>0x20000000</RAMAdd>
      <RAMLength>0x1000</RAMLength>
      <MainCR>4000000</MainCR>
      <CRTrimmingAdd>0x100004</CRTrimmingAdd>
      <CRTrimmingLength>16</CRTrimmingLength>
      <UIDAdd>0x40000100</UIDAdd>
      <UIDLength>0x0c</UIDLength>
      <UID>000000000000000000000000</UID>
      <UserArea>00000000000000000000000000000000</UserArea>
      <MinXTAL>4</MinXTAL>
      <MaxXTAL>4</MaxXTAL>
      <PacketLength>0x40</PacketLength>
      <RamCodeVersion>4</RamCodeVersion>
      <SwdRamcodeSvnVersion>1309</SwdRamcodeSvnVersion>
	  <UartRamcodeSvnVersion>441</UartRamcodeSvnVersion>
      <WriteLockEn>false</WriteLockEn>
      <ChipEraseEn>true</ChipEraseEn>
      <PageEraseEn>true</PageEraseEn>
      <ChipLockEn>true</ChipLockEn>
      <PowerEn>true</PowerEn>
      <ResetEn>true</ResetEn>
      <SerialNumberEn>true</SerialNumberEn>
    </MCU20>
    <MCU21>
      <MCUName>HC32M120</MCUName>
      <Series>CM0</Series>
      <Type>2</Type>
      <FlashAddress>0x00000000</FlashAddress>
      <PageCount>64</PageCount>
      <PageSize>512</PageSize>
      <BinFile>m_flash.hc010</BinFile>
      <RAMAdd>0x20000000</RAMAdd>
      <RAMLength>0x1000</RAMLength>
      <MainCR>4000000</MainCR>
      <CRTrimmingAdd>0x100004</CRTrimmingAdd>
      <CRTrimmingLength>16</CRTrimmingLength>
      <UIDAdd>0x40000100</UIDAdd>
      <UIDLength>0x0c</UIDLength>
      <UID>000000000000000000000000</UID>
      <UserArea>00000000000000000000000000000000</UserArea>
      <MinXTAL>4</MinXTAL>
      <MaxXTAL>4</MaxXTAL>
      <PacketLength>0x40</PacketLength>
      <RamCodeVersion>5</RamCodeVersion>
      <SwdRamcodeSvnVersion>129</SwdRamcodeSvnVersion>
	  <UartRamcodeSvnVersion>184</UartRamcodeSvnVersion>
      <WriteLockEn>false</WriteLockEn>
      <ChipEraseEn>true</ChipEraseEn>
      <PageEraseEn>true</PageEraseEn>
      <ChipLockEn>true</ChipLockEn>
      <PowerEn>true</PowerEn>
      <ResetEn>true</ResetEn>
      <SerialNumberEn>true</SerialNumberEn>
    </MCU21>
  </MCU>
</System>