<System>
  <BaudRate>
    <MCUName>HC32L15xxA</MCUName>
    <BaudRateValues>
      <BaudRateValue>9600</BaudRateValue>
      <BaudRateValue>19200</BaudRateValue>
      <BaudRateValue>38400</BaudRateValue>
      <BaudRateValue>76800</BaudRateValue>
      <BaudRateValue>115200</BaudRateValue>
      <BaudRateValue>128000</BaudRateValue>
      <BaudRateValue>256000</BaudRateValue>
      <BaudRateValue>500000</BaudRateValue>
      <BaudRateValue>1000000</BaudRateValue>
    </BaudRateValues>
  </BaudRate>
  <BaudRate>
    <MCUName>HC32L15xx8</MCUName>
    <BaudRateValues>
      <BaudRateValue>9600</BaudRateValue>
      <BaudRateValue>19200</BaudRateValue>
      <BaudRateValue>38400</BaudRateValue>
      <BaudRateValue>76800</BaudRateValue>
      <BaudRateValue>115200</BaudRateValue>
      <BaudRateValue>128000</BaudRateValue>
      <BaudRateValue>256000</BaudRateValue>
      <BaudRateValue>500000</BaudRateValue>
      <BaudRateValue>1000000</BaudRateValue>
    </BaudRateValues>
  </BaudRate>
  <BaudRate>
    <MCUName>HC32F146xA/HC32M140xA</MCUName>
    <BaudRateValues>
      <BaudRateValue>9600</BaudRateValue>
      <BaudRateValue>19200</BaudRateValue>
      <BaudRateValue>38400</BaudRateValue>
      <BaudRateValue>76800</BaudRateValue>
      <BaudRateValue>115200</BaudRateValue>
      <BaudRateValue>128000</BaudRateValue>
      <BaudRateValue>256000</BaudRateValue>
      <BaudRateValue>500000</BaudRateValue>
      <BaudRateValue>1000000</BaudRateValue>
    </BaudRateValues>
  </BaudRate>
  <BaudRate>
    <MCUName>HC32F146x8/HC32M140x8</MCUName>
    <BaudRateValues>
      <BaudRateValue>9600</BaudRateValue>
      <BaudRateValue>19200</BaudRateValue>
      <BaudRateValue>38400</BaudRateValue>
      <BaudRateValue>76800</BaudRateValue>
      <BaudRateValue>115200</BaudRateValue>
      <BaudRateValue>128000</BaudRateValue>
      <BaudRateValue>256000</BaudRateValue>
      <BaudRateValue>500000</BaudRateValue>
      <BaudRateValue>1000000</BaudRateValue>
    </BaudRateValues>
  </BaudRate>
  <BaudRate>
    <MCUName>HC32L110x4</MCUName>
    <BaudRateValues>
      <BaudRateValue>9600</BaudRateValue>
      <BaudRateValue>19200</BaudRateValue>
      <BaudRateValue>38400</BaudRateValue>
      <BaudRateValue>115200</BaudRateValue>
      <BaudRateValue>230400</BaudRateValue>
	  <BaudRateValue>691200</BaudRateValue>	  
    </BaudRateValues>
  </BaudRate>
  <BaudRate>
    <MCUName>HC32L110x6</MCUName>
    <BaudRateValues>
      <BaudRateValue>9600</BaudRateValue>
      <BaudRateValue>19200</BaudRateValue>
      <BaudRateValue>38400</BaudRateValue>
      <BaudRateValue>115200</BaudRateValue>
      <BaudRateValue>230400</BaudRateValue>
	  <BaudRateValue>460800</BaudRateValue>
	  <BaudRateValue>691200</BaudRateValue>	  
    </BaudRateValues>
  </BaudRate>
  <BaudRate>
    <MCUName>HC32F005C6</MCUName>
    <BaudRateValues>
      <BaudRateValue>9600</BaudRateValue>
      <BaudRateValue>19200</BaudRateValue>
      <BaudRateValue>38400</BaudRateValue>
      <BaudRateValue>115200</BaudRateValue>
      <BaudRateValue>230400</BaudRateValue>
	  <BaudRateValue>460800</BaudRateValue>	  
	  <BaudRateValue>691200</BaudRateValue>
    </BaudRateValues>
  </BaudRate>
  <BaudRate>
    <MCUName>HC32F003C4</MCUName>
    <BaudRateValues>
      <BaudRateValue>9600</BaudRateValue>
      <BaudRateValue>19200</BaudRateValue>
      <BaudRateValue>38400</BaudRateValue>
      <BaudRateValue>115200</BaudRateValue>
      <BaudRateValue>230400</BaudRateValue>
	  <BaudRateValue>460800</BaudRateValue>	  
	  <BaudRateValue>691200</BaudRateValue>	  
    </BaudRateValues>
  </BaudRate>
  <BaudRate>
    <MCUName>HC32L136x8/HC32L130x8</MCUName>
    <BaudRateValues>
      <BaudRateValue>9600</BaudRateValue>
      <BaudRateValue>19200</BaudRateValue>
      <BaudRateValue>38400</BaudRateValue>
      <BaudRateValue>76800</BaudRateValue>
      <BaudRateValue>115200</BaudRateValue>
      <BaudRateValue>128000</BaudRateValue>
      <BaudRateValue>256000</BaudRateValue>
      <BaudRateValue>1000000</BaudRateValue>
    </BaudRateValues>
  </BaudRate>
  <BaudRate>
    <MCUName>HC32F030x8</MCUName>
    <BaudRateValues>
      <BaudRateValue>9600</BaudRateValue>
      <BaudRateValue>19200</BaudRateValue>
      <BaudRateValue>38400</BaudRateValue>
      <BaudRateValue>76800</BaudRateValue>
      <BaudRateValue>115200</BaudRateValue>
      <BaudRateValue>128000</BaudRateValue>
      <BaudRateValue>256000</BaudRateValue>
      <BaudRateValue>1000000</BaudRateValue>
    </BaudRateValues>
  </BaudRate>
    <BaudRate>
    <MCUName>LM32Q</MCUName>
    <BaudRateValues>
      <BaudRateValue>9600</BaudRateValue>
      <BaudRateValue>19200</BaudRateValue>
      <BaudRateValue>38400</BaudRateValue>
      <BaudRateValue>76800</BaudRateValue>
      <BaudRateValue>115200</BaudRateValue>
      <BaudRateValue>128000</BaudRateValue>
      <BaudRateValue>256000</BaudRateValue>
      <BaudRateValue>1000000</BaudRateValue>
    </BaudRateValues>
  </BaudRate>
    <BaudRate>
    <MCUName>LM28T</MCUName>
    <BaudRateValues>
      <BaudRateValue>9600</BaudRateValue>
      <BaudRateValue>19200</BaudRateValue>
      <BaudRateValue>38400</BaudRateValue>
      <BaudRateValue>76800</BaudRateValue>
      <BaudRateValue>115200</BaudRateValue>
      <BaudRateValue>128000</BaudRateValue>
      <BaudRateValue>256000</BaudRateValue>
      <BaudRateValue>1000000</BaudRateValue>
    </BaudRateValues>
  </BaudRate>  
    <BaudRate>
    <MCUName>LM20T</MCUName>
    <BaudRateValues>
      <BaudRateValue>9600</BaudRateValue>
      <BaudRateValue>19200</BaudRateValue>
      <BaudRateValue>38400</BaudRateValue>
      <BaudRateValue>115200</BaudRateValue>
      <BaudRateValue>230400</BaudRateValue>
    </BaudRateValues>
  </BaudRate>
   <BaudRate>
    <MCUName>HC32F460xExx</MCUName>
    <BaudRateValues>
      <BaudRateValue>115200</BaudRateValue>
      <BaudRateValue>128000</BaudRateValue>
      <BaudRateValue>256000</BaudRateValue>
      <BaudRateValue>500000</BaudRateValue>
      <BaudRateValue>1000000</BaudRateValue>
    </BaudRateValues>
  </BaudRate>
  <BaudRate>
    <MCUName>HC32F072</MCUName>
    <BaudRateValues>
      <BaudRateValue>9600</BaudRateValue>
      <BaudRateValue>19200</BaudRateValue>
      <BaudRateValue>38400</BaudRateValue>
      <BaudRateValue>76800</BaudRateValue>
      <BaudRateValue>115200</BaudRateValue>
      <BaudRateValue>128000</BaudRateValue>
      <BaudRateValue>256000</BaudRateValue>
      <BaudRateValue>1000000</BaudRateValue>
    </BaudRateValues>
  </BaudRate>
  <BaudRate>
    <MCUName>HC32L072/HC32L073</MCUName>
    <BaudRateValues>
      <BaudRateValue>9600</BaudRateValue>
      <BaudRateValue>19200</BaudRateValue>
      <BaudRateValue>38400</BaudRateValue>
      <BaudRateValue>76800</BaudRateValue>
      <BaudRateValue>115200</BaudRateValue>
      <BaudRateValue>128000</BaudRateValue>
      <BaudRateValue>256000</BaudRateValue>
      <BaudRateValue>1000000</BaudRateValue>
    </BaudRateValues>
  </BaudRate>  
  <BaudRate>
    <MCUName>HC32L170/HC32L176</MCUName>
    <BaudRateValues>
      <BaudRateValue>9600</BaudRateValue>
      <BaudRateValue>19200</BaudRateValue>
      <BaudRateValue>38400</BaudRateValue>
      <BaudRateValue>76800</BaudRateValue>
      <BaudRateValue>115200</BaudRateValue>
      <BaudRateValue>128000</BaudRateValue>
      <BaudRateValue>256000</BaudRateValue>
      <BaudRateValue>1000000</BaudRateValue>
    </BaudRateValues>
  </BaudRate>
  <BaudRate>
    <MCUName>HC32F170/HC32F176</MCUName>
    <BaudRateValues>
      <BaudRateValue>9600</BaudRateValue>
      <BaudRateValue>19200</BaudRateValue>
      <BaudRateValue>38400</BaudRateValue>
      <BaudRateValue>76800</BaudRateValue>
      <BaudRateValue>115200</BaudRateValue>
      <BaudRateValue>128000</BaudRateValue>
      <BaudRateValue>256000</BaudRateValue>
      <BaudRateValue>1000000</BaudRateValue>
    </BaudRateValues>
  </BaudRate> 
  <BaudRate>
    <MCUName>HC32L190/HC32L196</MCUName>
    <BaudRateValues>
      <BaudRateValue>9600</BaudRateValue>
      <BaudRateValue>19200</BaudRateValue>
      <BaudRateValue>38400</BaudRateValue>
      <BaudRateValue>76800</BaudRateValue>
      <BaudRateValue>115200</BaudRateValue>
      <BaudRateValue>128000</BaudRateValue>
      <BaudRateValue>256000</BaudRateValue>
      <BaudRateValue>1000000</BaudRateValue>
    </BaudRateValues>
  </BaudRate>
  <BaudRate>
    <MCUName>HC32F190/HC32F196</MCUName>
    <BaudRateValues>
      <BaudRateValue>9600</BaudRateValue>
      <BaudRateValue>19200</BaudRateValue>
      <BaudRateValue>38400</BaudRateValue>
      <BaudRateValue>76800</BaudRateValue>
      <BaudRateValue>115200</BaudRateValue>
      <BaudRateValue>128000</BaudRateValue>
      <BaudRateValue>256000</BaudRateValue>
      <BaudRateValue>1000000</BaudRateValue>
    </BaudRateValues>
  </BaudRate>  
</System>